H. sapiens,D. melanogaster,C. elegans
-169824,1844,-1929
-242607015,1001,-2225
236282,10744657,-1654
-590509,1317,-10799
591105,1076,-2060
223218051,2000,-2066
1285,1156,-2059
1081,-8520,-2059
1221,1526,-1888
1691,1255,-2234
1461,1451,-1030
1490,14216976,-4831
1126,1499,-1517
2974,1807,-1740
1087,2168,-5075
1664,1291,-3836
1153,1361,-4132
1286,1124,-2222
1929,2369,-4027
7188,8110867,-4854
-2006,8073615,-1184
4084,1561,1783
2065,14484401,-1184
-1899,-14489553,-1041
1089,-2197,107957
1989,1778,-5588
1281,11577,-1792
4113,-3523,-3237
1206,-3107,13608430
1506,-2970,-4992
2149,1130,-2975
1349,1133,-5218
1841,679961,-1490
4699,-7493,-1075
1127,6119,-1400
1092,-4440,-8419
2056,-3430,-1091
1709,-3433,-1061
1885,2465,-1204
1018,-3435,-1276
1340,699959,-1127
1324,1795765,-1944
3432,7298,-1855
2194,10830,-2055
1981,1469929,1186
1165,3097710,-1921
2697,773350,-2416
1037,2260649,-2037
3000,17262,-4806
1261,28739,-5165
1710,236766,-1165
1073,6751316,-3531
1328,-2567,3532
1545,22317,-3610
-1148,3571804,3409
3748,-1777427,-1197
-5609,104423,-1349
2625,-9029,-2827
2150,1500,-8386
1331,1027,-3384
2596,1318,-9708
1964,-2163,-9415
1538,1498,-3023
1122,605330,-10777
1324,-606689,-1287
2046,1751,5684
2717,-3651,-6842
1398,-3655,-11345
1769,-3632,-8152
1905,5151,-7416
2365,1614,-1321
-1788,1394,-1527
1021,1254,1362
2478,1139,-1017
1335,3646,-3192
1781,16492,-4900
2870,-7187,-6723
1564,-7919,-1359
183593,1228,-2538
2521,1375,-3493
1245,1928,-1592
1206,1707,-3564
3228,-2845,-1884
1022,-2139,-1817
1378,-4376,-1294
1092,-1022,-6576
-4581,4007,2543
-4580,-2355,-2944
-2045,1829,-4041
2841,1058,-4352
1175,1134,-1579
1135,1126,-5425
-4857,1728,-3234
2445,1812,258809
1553,1445,388264
59225,19161,-1801
35140,23267,1166
1951,-9907,-8025
1712,1558,-1912
1059,-1053,-1566
1079,1110,-2261
1972,-1888,-1646
1628,1144,3112
4799,1251,-3634
1688,2135,-1489
1253,1157,-1370
1366,1071,22653
1163,1287,20266
1688,1944,-12223
1233,1428,5384
1997,-4656,-1154
1587,1423,-2634
1055,-5179,-1149
1403,-8872,-1603
2240,-4183,-2053
1582,1725,-2261
1766,3717,-1410
1897,2191,9739854
1030,2630,-9744382
1401,1197,-9298
2218,13721065,-2819
1072,13707034,-5395
1643,1183,-2162
1053,1911,-5198
1830,1114,-2600
2208,-16803407,-2375
1032,16798259,-3560
2368,2217,-7481
1894,-1446,-4642
1818,31676,1305
2534,-6819,-1414
1277,-6819,108984
4098,-6093,-2555
1782,-5298694,1143790
1135,5293305,-1258644
1172,1727,-1800739
2674,12012,1796647
1669,-16214,3044
1227,4194,-1989
7644634,2337,-3805
-7648337,7581,-2865
1860,1346,-2035
3325,2051,-1850
3701,2337,-2401
1399,7417,-1495
3075,1169,-3033
1239,-4686,-1694
6094,1179,-4091
1865,1038,-1203
1564,-8361,-1496
2076,-35192,-1522
1303,-12171,1303
2271,-36715,-2115
8689,14071,-2160
2429,5469,-2159
1051,25512,-2032
1725,22289267,-1078
1502,-4630,-1056
5986,-4923,-1190
1760,-54073,-2362
1175,-36388,-2908
2841,22791,-7235
1587,-36820,1829
3222,22313,-1350
5603,24182,28814
2124,79856,-6306
1801,22370,2431
1953,66200,-5379
-1654994,1220,-5331
1655330,-6454,-2265
3231,-2822,1326
1350,-48812,-2158
1635,47577,-5250
1436,-2807,-1141
1123,-1429,-2531
1041,3386,-2436
1326,10164,-2210
1606,15590,-3562
1252,6093,-13196
1210,-9309,-2145
1228,-49081,-2019
2301,47577,-1765
2619,2810,-1238
1117,1024,-2958
1156,1237,-2854
1352,1519,-2451
1578,1541,-1426
1085,1932011,-22037
45594,1929949,-1259
1061,741054,-4043
1161,718669,-3384
1006,1061,-1820
1212,1210,-10539
2324,2179209,-10540
2019,2176432,-1797
1792,-6402,-1165
1194,1559,-2118
87561401,17221,-1547
87516437,-53986,-2517
1476,1761,1241
3111,1807,-2283
1165,1493,-1576
1249,1034,-3236
1018,6881396,-2726
2862,-6886651,1926
1564,1773,3069
2670,1240,-6511
2486,7004,-7195
1610,1281,-1667
1429,1257,7233
4948,1888,-2722
3235,1830119,-2702
1064,3348445,-4800
1604,1518396,-7203
1170,-1398,-7197
1189,2814,-2435
2342,-5926,-1815
4338,2081,-2030
1374,3101,-1750
4301,1272,-3373
-18472,1080,-3093
18445,-9081,-3754
2740,1101,-2463
7010,-1118,-2438
1070,2245,-1502
2182,1958,205048
-3616,9098,8206057
1371,3882,-8418341
2128,84431,-2946
2228,96098,-1079
35853445,-33767,-1290
35876516,-1244,-8570
1090,6522,-7000
1572,-5267,-7321
1373,-6072,-8195
1514,-3308,-1358
1276,-4879,-1689
4251,-3394,-1781
1843,-1728,-7091
3002,1440,1392
1088,-6177,-1644
2578,-6176,-9207083
1501,1522,-3186
1838,2553,-1273
1124,70720,-7619
1154,-36421,-2988
1133,14920,-2475
1723,-8602,-3233
3089,86001,-5485
1245,-182109,-1319
1378,107287,2010
1745,110939,-1880
1369,168030,-1898
1374,4675,-2828
6103,-12570,-3188
1395,4684,-4737
1568,-12570,-3465
1941,4675,-4797
1434,-12558,-3927
2868,-4176,-4486
1118,-5958,-5086
1251,-3019,-1913
1073,-2660,-4075
-1952,-3975,-14329
1003,-3383,-15566
1339,-5687,-1460
2739,-163353,-2188
1018,228421,-1548
1438,43572,-1676
1367,8147,-1543
1614,13773,-1602
1979,-184798,5824
1125,-4437,-1067
1067,-4344,-1014
1005,-8987,-4022
1112,180469,-1420
1028,1329534,-5159
2987,-2359,-5487
1592,-6819,-5486
1330,7026,-5649
1318,-5163,-1162
1194,1596,2852326
1634,-28399,12051816
1129,-17042,-1620
1008,-6210,-1406
1269,131702,-1415
-1983,132459,-1592
-2191,-142342,-1209
1457,-4297,1083137
-1225,-5646,1095199
1004,-5366,-1139
1469,-3030097,597008
2194,-4272,-2260
1752,4734,597037
1781,1024226,-16860
1939,-2092968,-1072
2109,2825,-3167
1025,-8851,-4518
2841,8838,7574143
2556,-12356,-1943
1193,57368,-3146
6859,66566,-1637
4377,-62673,-3008
3784,-7191,-8758
1180,-3959,-3013
1348,8269,-1357
1263,-13482,-1416
2902,-1777,-1887
4425,67728,-1484
1504,-1257,-1464
2804,-4729,-3846
1377,-7644,-3883
6609,-3040,-3019
1421,10126,-3254
1038,-2988,-1449
1228,1082,-7806
1165,527926,8371
1193,7839,-2616
1121,122847,-5197
1290,163930,-5879
1201,6279,-2516
188056468,-25698,-4269
-188061917,-116265,-3184
1094,1638,-3338
1083,1300,-1527
1492,1119,-2545
2141,9098,-2448
3441,-1020,-1879
2838,-1008,10439937
1729,-1664,-10443866
3390,-1114,-3325
1924,-1958,328260
9840,-1159,310337
4071,-1600,-1672
6423,17500,-1214
3902,-23620,-6630
2995,16477,-3332
-3221,-5329,-3609
1318,-12629,-1631
1046,1910,-3479
1599,1620,-1263
1541,-5193,-1641
1201,1386046,-2459
3261,7005,-6516285
1569,5301,6512829
1356,-7439,6514155
1279,-7445,-116096
1068,12226,115033
1074,1617137,-3448
1243,-1674020,-3608
2151,-14499,-1850
5444,1756952,-5513
1035,1757909,-3519
1149,-1673994,1195
2734,8638,-4702
1094,13892,-3981
1294,1088,-1866
1324,122400,-2344
1236,3146,-3160
1656,2095,-4488
1506,1272,-2950
1094,1362,-6964
5053,13937515,-1815
1104,-4109,-1612
1676,-4342,1613
1398,-3605,-8957
1744,-8604,-2142
2893,-21745,-8953
-2227,1135109,-1057
1370,217192,-6366
2789,-6000,-3364
2879,1955956,-7198
1609,-8603,-7196
3425,1525133,-7197
3681,-2224,-7196
2943,-22969667,-7197
5834,22968247,-7196
1714,115926,-7196
3510,-256934,-7197
1213,300982,-7196
1632,-1565483,-7196
2101,-4959,-7198
2154,-22835534,-7196
1327,1085,-7198
4527,1498,-7196
3154,-10002,-7195
1126,-6118,-7198
2468,-2036,-7197
1627,33407,-7197
1793,1071,-7196
1984,1225,-7401
1085,-3216,-7196
1797,1664,-7196
2093,-1076,-7198
5320,1244,-7195
1547,1026,-7197
1156,1158,-7196
1948,18168,-7195
2643,1234,-7227
1541,1028,-7196
2839,4845464,-7197
1135,-4846876,-7196
1407,17020302,-7197
3114,193026,-7198
1353,-6720,-7196
1090,1416,-7198
3025,3524070,-3841
1622,3203,-3165
1176,-5980,-1059
2135,-5979,-3299
1130,36498,-2131
1658,-41904,-2778
1285,-5302,-4121
2823,117509,-2551
1047,1639818,-6025
1134,-4681,-6709
3436,-16804,5025
11519,-52415,1078
1214,-11495,-1275
2419,11507,-1406
1005,-46297,3936053
2352,-9816,-3937664
1253,-36854,-1281
1454,-12001,-1650
1393,17242,-2543
1305,21297,-1588
-1995,1025,-2846
2191,1004,-4445
6234,-1115,1522
2030,-6758,-1993
1526,1046,-2589
1776,832931,2047
1889,793456,-3231
1545,11670122,-1427
1470,20711,1405
3992,-8027,-8083
1115,630230,-3244
1397,1621,-2863
1480,115020,-1973
-51811947,-33602,-2172
51808996,7238,-1585
1834,118229,-3186
2687,-245578,-1838
4122,249229,-3365
6714,-11454,-2651
1222,-23941,-2841
1099,1053,-7581
2821,1017,-4150
2134,1067,-3543
2743,1642,-2450
1017,2441,1049
1035,-1387,-5754
1003,-1268,-4953
1179,6222,-1535
1394,-19534,-1811
2960,390712,-1243
1066,-1307,-4272
1569,75156,-2874
2146,131721,-2402
1626,-1157701,-4566
1385,-3605,-4590
1031,-6423,-1865
1310,-1986,-3913
1011,-4886,-6848
1843,-88035,-2996
2014,-1080,-3156
2295,-5178,-4217
2399,847448,-3268
4093,12542652,-5751
1575,12547812,1141
2184,-8721,-4007
7778,-16803,39060
1912,-16804,2733
2489,181327,-2061
1246,187233,-2267
1607,373137,-2232
2536,-2603,-5262
-1412,-5300,-4929
1096,-2638,-23732
3626,1707,-2413
2443,-2151,11374
1297,-3345,-2593
1761,-1227,-2006
3978,1070,-2507
2260,-5219,-1179
1054,920063,-2879
1507,-2722,-4925
2152,-2089,3511
2843,1745493,-6671
1052,1746330,-1367
1644,-36638,-2239
1093,1694542,-8991
1889,-1723282,-3143
1306,47562,-3195
3494,-10026,-16815
2678,-10048,-2336
1976,-10157,-3488
1027,24423,-4047
1544,-12002,-3158
1161,-36190,-1363
1003,24423,-2922
1749,-36430,-7061
1269,-36840,-7102
1160,-12192,-6862
2073,-251426,-3149
1099,-29839,-3922
1214,-13000,2917
5131,1482,1645
1788,6332,-3865
4399,1649439,-2120
1569,-3487,-2959
3151,2463,-1086
1184,38026,-5093
1821,5963844,-1127
1279,40908,-1345
1178,-3917,-3605
3200,-39600,-1162
2088,-6127,-3549
2261,34189,-3764
1003,-1146,-3431
1764,-1146,-2525
1347,-1146,-2773
2439,-14272,-1525
1088,-128013,-2764
5134,-170267,9858714
1587,223343,9909135
5613,-53813,-7889
1958,-12434,-1250
1662,-12565,-6175
1684,-11767,-2966
2958,24665,-4305
1067,-12505,-8314
2631,-36190,-1616
3545,21700,-2491
1375,11550,-2385
1558,28615,-2569
4025,-36693,-2388
2833,-36197,-2543
1517,-11761,-7194
1780,-11774,-7196
1846,17432,-7197
1532,-36846,-7195
1816,-36575,-7194
1104,24423,-7196
3052,-36200,-7196
1328,-36148,-7197
1282,-11757,-7196
2711,-36190,-7607
1462,-9956,-7196
1305,-36856,-7198
3187,3510015,-7287
5636,-3434,-7197
2698,-3903,-2597
2046,-3249,-7197
1161,11736,-7196
1446,4192,-7197
1068,-16805,-7196
1328,-11836,12938950
1635,17876,7065
1267,27535,-7214
1266,-61413,-3548
1845,1100,-3570
1913,-15272,1518386
1013,7648,-3453
1019,4245633,1521718
1263,-2338,-1323
1071,-4759,2693
2138,-10360,5609
1417,6741,-2469
1505,-3810,-2025
1209,2402,-2461
2382,1963815,-1224
1790,-4429,-2676
1747,2550,-2069
2113,-5259415,-1281
1029,-2108129,-2204
-1782,6045025,-2784
1332,7896339,-5185
1464,-4804,-5045
1420,1076,-4878
1549,1257,-4876
1561,288867,-5217
1392,-4320,-4879
1983,-6797,-1296
2537,-4892,-3622
1400,-10048,-3602
2596,24313,-3458
1623,-5326,-1837
2192,-1970,-2034
2191,1281,-2205
1265,94705,-2525
1221,-8221,-1375
1213,-30716,-1102
1025,-2720,-1361
1942,-2920,1649
1035,-3058,-1109
3290,-3064,-1620
3500,1761144,-1272
2960,-8028,-1264
2262,-34002,-2049
1516,34621,-5985
-1327,-4909,-2920
1308,2862,-4369
2971,-1406,-7414
1713,-1733,-1405
1265,-3582,-1822
1252,-3186,-3718
2063,-1434,-3615
1923,-8672,-3008
1750,-1783,-3013
2496,-1106,-2912
1032,-1391,-1353
1204,-1819,-1687
3174,-3979,-1149
1639,-3348806,-1697
-337731,-13128,-1217
333677,4469,-2210
-2134,-6920,4602
1288,-4593,-6049
1746,7980,1752
2866,-7954,-1191
-1911,5374,-3958
2241,-14345,-5059
1327,68791,-6043
1447,-2972,-5208
1472,11163,-4051
2129,-15272,-2742
-1862,7246,-2727
1008,-4290,-1421
4231,-5792,-2906
2955,-2131,-1509
1123,-2896,1735
9032,68045,-2001
2288,-2117,-12866
157873,-2113,-2829
194672,-2627,-3486
28621059,-2585,-3670
-28619842,-2585,-1323
28620373,-2125,-3399
-28618653,11610,-1246
2643,24181,-1262
4642072,-16787,-2639
-868359,-12441,-4528
1021,-12962,1485
1105,-29839,1671
1695,-4114,1636
2682,-1434,-4350
1866,-2885,-3287
-91317197,-4599,-3288
91315249,3702827,-3288
5057,290055,-1334
2312,17221,-4177
6018,-12514,-2068
1131,-36184,-3251
2047,-12396,-2204
3654,11909,-2233
4635,-13078,1051
2804,-12082,-2396
1072,4430,-4104
1041,-1917,-3159
-1508,248362,-2331
-2176,-12000,-3312
1609,-5046,-1001
1600,-2876,-1630
-1136,-4685,-1179
1287,-4337,-4455
3286,400875,-5760
1407,4432,-8376
5657,-36340,-8447
2889,17221,-6121
1411,-11994,-4197
5874,-36857,-1609
2302,-11767,-2758
2084,-11761,-3373
1143,17221,-1745
-1670,24054,-3287
1278,-36375,-3288
1183,-12530,-2705
1303,-29841,1226
2721,-1674,-5162862
1653,22507,5159889
-1013,1003,5969
2489,-36712,-4072
1144,4446,-2157
1524,86640,-3206
5488,-5115,-1126
1264,-5079,-3266
2576,-3852,-1309
1914,4979,-1322
1352,-36183,-1128
2696,-36525,-1408
1120,-11768,-2608
3459,-11761,-5804
3073,-36184,-2863
1145,24323,-2776
2220,-1151,-1011
5416,-1151,-3368
-1168,-1151,-8779
1448,-10846,-6836
1001,-54020,-8222
1792,-6694,-4454
-4883,-2515,-2930
1243,-2627,1328959
1457,24423,1333700
1071,94548,-2080
1862,125434,-1300
1932,-7088,-1904
1547,-3561,-2221
2631,-28078,-7196
1177,-1546,-7197
2573,-35840,-7196
1132,-19404,-7197
1163,-2766,-2343
2280,-3918,-1960
2420,8261160,-1379
67269,25425,-1863
2349,-1199,-2157
1184,-36284,-1890
1377,25620,-2217
1628,-1001,-4862
1076,-29839,-2378
-1916,-36700,-2502
1290,-1790,-2320
1165,58663,-2799
1092,59705,-17276
1392,-8462,-3155
1993,4238,6357
2255,-6740,13014
1495,-4818,-3008
1321,-2754,-2820
1237,1463,-3012
-3815,-12709,-2916
4535,-2422,-3011
1799,-3090,-2824
1309,3268,-543934
2236,-50139,-1993
2720,-9075,-4152
1791,-1348,-8252
-1003,4845,-6000
3280,-3407,-10803
1257,-2097,-1010
2027,-1579,-1335
1409,-9388,-1253
1342,-3171,-1225
13908,-12001,-1283
2351,-1474,-1637
1590,-2788,-1322
1307,-3174,4807
1844,-3452,6212
2130,-2872,3857
1396,-3495,-4371
-1558,-3019,-3435
1264,24423,-6516859
2263,-36510,-1024
2686,24423,6514554
1199,11701,-6517396
1408,17221,12063768
2303,17243,12062361
3017,9832,12056302
4375,-36626,12055731
1625,22507,-2498
1017,-9821,-3955
1107,-36183,-2343
1438,-13078,-5479
1315,-12449,-5927
1298,4431,-8661
2003,-12161,-4238
2130,28626,-3889
1129,24423,16601
1216,-37159,22573
1250,10207,-2142
2070,-36184,-2141
-1265,-12567,-2146
2887,24423,-2140
1549,-36190,-3287
1998,-3560,-8486
4780,-3578,1027
1651,-2115,-3687
1512,-1788,-2574
1054,-3527,-3271
-3897,,-2204
1973,,-3838
1273,,-2963
28612669,,-2728
1818,,-3484
28407558,,-2835
103875381,,-2496
6270,,-4028
1515,,-2194
217991704,,-1633
1765,,-1997
194359,,-2878
195596,,-1269
44907,,-1481
218014526,,-2892
218040309,,1513347
134406,,-7346
198370,,-4508
1727,,-4609
1193,,-4612
1733,,-4609
3371,,-2042
3914,,-4593
1712,,-4597
1486,,-4621
1953,,-2284
7110,,-2387
2564,,-1424
1108,,-1841
2797,,-1967
116548,,-1773
18155420,,-1711
18149197,,-2357
26161249,,-1611
2015,,-2022
1412,,507773
1229,,-1575
1370,,-1325
-1156,,-4680
1040,,-1013
2219,,-3254
1734,,-3244
1529,,-5374
1948,,-9213352
493654,,9204422
529356,,-2303
385001,,-9208922
366022,,-3115
464483,,-4707
1538,,9200623
1214,,-1559
1525,,-2655
1348,,-9208727
1282,,-9214385
2379,,12055211
1197,,-8019
1162,,-9647
1283,,-2918
1475,,-8526
1696,,-1148
1916,,-8746
1759,,-2155
21763,,-2709
-21738,,27292
1662,,-6836
2311,,-6839
1048,,-6004
1123,,-4886
-10663520,,-4879
10661595,,-6837
1683,,-6840
1112,,-3533
1210,,-8410
2994,,-12307
1001,,-5862
2208,,5681
1356,,-6833
1534,,-6834
1025,,-6832
1620,,-1357
1529,,-2615
1841,,-1374
-2642,,-3720
-1036,,-4276
2299,,-3891
2082,,-3198
-2367,,-3432
1146,,-3276
-131987292,,-1476
64945,,-68993
178940,,-2660
-28693469,,-4107
61310353,,-4461
61243181,,-5744
991099,,-4198
22788130,,-2720
-28694777,,-3759
28695445,,-5247
-28689771,,-4929
28691888,,-9211339
-22781291,,-3068
-190320,,-3188
129010015,,12055568
131976924,,-6607
-129502304,,-2234
1227,,-4279
1082,,-4560
1195,,-6860
1747,,-6841
1491,,-2376
1883,,-2759
1032,,-2080
1726,,-2233
1615,,-4347
1666,,-4455
1096,,-4374
3239,,-3753
1520,,-4109
3270,,-4509
1464,,-3245
3407,,-3490
1003,,-3070
1345,,-3571
1523,,-3186
1041,,-2006
477270,,52862
483394,,1965334
682162,,53057
-28609000,,1966065
835949,,-1388
894545,,-6186
18978,,-2502
27612637,,-3186
27596762,,-3282
178483,,-10639
189699,,-2600
-542994,,-2853
1842112,,-2735
-1677130,,-2461
-991136,,-6848
849365,,-6849
-476063,,-6848
-122380,,-1990
640774,,-2774
-1977756,,-1106
-1175913,,-1641
57771,,-1080
259080,,-3878
-861249,,-4453
1138039,,-3713
-574962,,-4811
-762182,,-4266
-592326,,-7603
1050198,,-3012
292879,,-2301
185119,,-2950
518313,,-3306
18037105,,-2891
18034444,,-4518
18048099,,-3613
2245,,1968812
18037045,,53216
-27790,,-2114
-5329,,-3786
2097,,-3613
1019,,-4237
-2849,,-4298
523997,,9318
1164223,,-9637
1128461,,-33337
1107500,,-2915
-4990955,,-2106
-2480351,,-8869
4483,,-2836
3676449,,-4187
-3677949,,-4187
1090,,-2884
1203,,-6564
-2321888,,-4388
2322765,,-9693
-2529715,,-1264
2457,,-3377
4553,,-3298
2676,,-4840
1554,,-7762
5863,,-3441
1086,,-2569
1605858,,-2676
3212,,-2543
2836,,-2676
2491,,-2517
1114,,-2542
1114,,-2516
2762,,-5497
129538594,,-5601
131972209,,-7196
25997,,-7196
1383,,-7197
3585,,-2596
1345,,-4231
1586,,-4073
1147,,-3432
2561,,-4603
1366,,-7196
1084,,-7197
1358,,-7196
3271,,-7197
4907,,-7196
1287,,-7200
1481,,-7195
1312,,-7198
1978,,-7196
1128,,-7197
1236,,-7195
1246,,-7197
2207,,-7196
1505,,-7198
1743,,-7198
3133,,-7196
2772,,-7196
1523,,-7197
3143,,-7196
1429,,-7198
1047,,-7197
3186,,-7196
3897,,-7197
1011,,-7197
1211,,-7196
1022,,-7197
5025,,-7196
-6303,,-7197
-2118,,-7196
-2999,,-7197
1512,,-7198
32209,,-7196
10480,,-7197
2157,,-7196
1275,,-7197
1736,,-7196
1940,,-7196
1702,,-7198
1051,,-7041
1099,,-5961
1624,,-7398
1049,,-2325
2914,,-7196
1028,,-7197
1635,,-7196
1171,,-8125
1118,,-7728
1160,,-4459
2088,,-6047
1277,,-3669
1489,,-9345
2110,,-3536
2368,,-10567
1026,,-3703
5137,,-1664
10958,,-3816
1217,,-1455
1110,,-3302
1487,,-9000
1479,,-6667
1136,,-5525
1554,,-4097
1058,,-6853
1826,,-6862
1101,,-1912
1030,,-3291
1620,,-7657
2215,,-2640
1575,,-3497
1132,,-4356
3130,,-4253
1922,,-5163
1603,,-4513
1658,,-5176
1809,,-3187
4986,,-3302
1330,,-3927
4030,,-3531
1345,,-6835
5696,,-6844
6154,,-5855
1415,,-2651
1129,,3237
1279,,-3307
1573,,-3245
1076,,-3415
1308,,-3311
1344,,-9209098
1019,,-3631
1151,,-2478
3905,,-2122
4380,,-3778
1828,,-1534
2072,,-2892
3277,,-1525
2989,,-1023
1425,,2019492
1220,,-3038
4011,,-4338
1358,,-4465
1099,,-4346
1543,,-4261
1169,,2014660
1837,,-1503
1685,,-4077
1051,,-4401
1124,,-3374
1095,,-4077
1133,,-4428
1027,,-1662
1370,,-3002
1014,,-3643
1133,,-2242
2763,,-3561
81863,,-4704
3442,,-4216
15850,,-1475
-7001,,-4397
-6300,,-4443
-34926,,-6109
7524,,-3365
2943,,-3417
1252,,-4142
2167,,-2940
2133,,-3815
2762,,-3318
1013,,-10315
1221,,-2518
4566,,-2075
1934,,-2600
3695,,-1969
2375,,-2413
1303,,-3167
1804,,-3401
1086,,-3272
2664,,-4338
1314,,-3238
1233,,-4440
2242,,-4213
2629,,-4474
2177,,-2646
3169,,-2517
2006,,-2596
2181,,-2544
1038,,-3341
3269,,-2517
1133,,-2465
1408,,-2361
2191,,
1433,,
1213,,
3453,,
1281,,
2269,,
11508,,
2994,,
1057,,
1158,,
1691,,
1247,,
1212,,
1026,,
1023,,
2934,,
1073,,
1899,,
1027,,
1743,,
1133,,
1195,,
3516,,
1380,,
7711,,
2545,,
4240,,
1919,,
1619,,
1286,,
1569,,
3555,,
3022,,
9502,,
1574,,
1076,,
3095,,
1465,,
1408,,
2613,,
2017,,
-60763373,,
60763451,,
1004,,
1423,,
1482,,
5929,,
5572,,
1778,,
1061,,
1633,,
10950401,,
-10950257,,
1812,,
1875,,
1668,,
1380,,
1330,,
1992,,
6635,,
1234,,
1593,,
1475,,
1242,,
1347,,
1217,,
1179,,
3110,,
1024,,
1093,,
2560,,
1944,,
1341,,
2938,,
2154,,
1814,,
1090,,
3175,,
1257,,
1541,,
1119,,
1337,,
1185,,
1843,,
4542,,
1748,,
2208,,
1799,,
1068,,
1062,,
1171,,
1019,,
1206,,
2876,,
4933,,
1577,,
-1472,,
-2167,,
-1136,,
4712,,
1346,,
2162,,
1161,,
1199,,
1533,,
3347,,
2267,,
1665,,
-4010,,
1753,,
1254,,
1298,,
1306,,
1226,,
1274,,
1510,,
3097,,
1059,,
1753,,
1224,,
1072,,
1510,,
1160,,
1786,,
1142,,
1153,,
1947,,
1171,,
1705,,
2584,,
1145,,
2303,,
7963,,
2841,,
2222,,
3057,,
2364,,
1532,,
2151,,
1965,,
1933,,
2410,,
1820,,
1191,,
4307,,
6519,,
1655,,
3546,,
1131,,
3147,,
3394,,
2405,,
1129,,
78846,,
1512,,
4034,,
1210,,
1112,,
1174,,
1792,,
1673,,
7509,,
1044,,
1355,,
1058,,
1142,,
1102,,
1078,,
1204,,
1006,,
2695,,
1985,,
1788,,
1031,,
1099,,
3760,,
4672,,
21094,,
2826,,
2041,,
2169,,
3217,,
1050,,
1570,,
2214,,
1095,,
4309,,
1944,,
2111,,
1034,,
1056,,
1181,,
43405015,,
1257,,
1257,,
1095,,
1686,,
1139,,
1373,,
2667,,
1230,,
2865,,
1482,,
3211,,
3722,,
1737,,
1780,,
1409,,
1319,,
1312,,
1873,,
1614,,
1023,,
1108,,
3038,,
1821,,
1226,,
1512,,
1817,,
1548,,
1628,,
1114,,
1069,,
1526,,
2199,,
1437,,
1153,,
3327,,
1722,,
2256,,
1893,,
4194,,
1394,,
1207,,
1828,,
1187,,
1503,,
2743,,
1907,,
4856,,
1742,,
3880,,
1363,,
1093,,
1128,,
6571,,
1315,,
1344,,
1104,,
3462,,
1707,,
3812,,
1071,,
1196,,
4515,,
1710,,
1382,,
1142,,
1980,,
1712,,
1072,,
1165,,
2533,,
2913,,
1378,,
1268,,
1257,,
1838,,
1572,,
2284,,
3143,,
1327,,
2305,,
2499,,
3372,,
1548,,
3232,,
1171,,
2171,,
3329,,
4011,,
1330,,
1179,,
2021,,
2265,,
1329,,
1238,,
2784,,
1146,,
1161,,
-4516,,
85018932,,
1085,,
1397,,
1201,,
2720,,
1580,,
1025,,
3609,,
4352,,
1424,,
2396,,
1539,,
1014,,
4120,,
1100,,
1139,,
1930,,
1221,,
1121,,
2137,,
1468,,
1123,,
175164331,,
-175164824,,
1094,,
-1261,,
1729,,
1060,,
1582,,
1395,,
1870,,
1423,,
1082,,
1505,,
1602,,
2122,,
2436,,
1024,,
3324,,
1541,,
1054,,
1485,,
2023,,
1478,,
2604,,
1824,,
1598,,
1111,,
1451,,
1035,,
1275,,
1173,,
1305,,
2771,,
4689,,
1091,,
1578,,
1075,,
1466,,
1218,,
-1066,,
9045,,
1163,,
1620,,
2498,,
1941,,
4295,,
3522,,
2902,,
1971,,
1934,,
1402,,
1818,,
1530,,
1815,,
1827,,
1741,,
4623,,
2496,,
1700,,
5313,,
1970,,
1090,,
-3560,,
4197,,
1240,,
1039,,
2430,,
2235,,
1201,,
1799,,
2043,,
1121,,
1204,,
1455,,
1577,,
1942,,
1341,,
1055,,
2886,,
5438,,
2458,,
1435,,
1128,,
6373,,
1262,,
1208,,
1141,,
1089,,
1435,,
1859,,
-3155,,
1298,,
1541,,
52083,,
1849,,
1644,,
5102,,
1085,,
1120,,
2044,,
2195,,
1128,,
3100,,
10473,,
1470,,
1206,,
1282,,
3368,,
4193,,
2031,,
1314,,
1425,,
2160,,
1488,,
1389,,
1440,,
1432,,
1020,,
1025,,
1672,,
1826,,
2429,,
1807,,
1322,,
3536,,
2536,,
1077,,
1520,,
1076,,
2114,,
1695,,
1024,,
3054,,
1210,,
1894,,
1465,,
1279,,
2207,,
5114,,
61184,,
-17748,,
4584,,
-2104,,
18046,,
1798,,
1758,,
3756,,
1119,,
1669,,
1291,,
1369,,
3505,,
1562,,
4539,,
8306,,
1183,,
2281,,
2477,,
2752,,
4932,,
2130,,
8344,,
1047,,
1533,,
1336,,
1058,,
1946,,
2201,,
2655,,
-3350,,
1323,,
1305,,
111018,,
83466,,
1396,,
1895,,
2042,,
1022,,
1149,,
1258,,
1381,,
1004,,
1402,,
3026,,
4531,,
1240,,
4375,,
3095,,
1008,,
1576,,
2331,,
2954,,
2164,,
1548,,
3478,,
1239,,
7314,,
1315,,
1683,,
2428,,
1008,,
1440,,
1273,,
1083,,
1354,,
2244,,
2004,,
1609,,
-3055,,
-1161,,
4053,,
1729,,
-1652,,
1404,,
-2245,,
1979,,
1939,,
4536,,
1017,,
1884,,
1220,,
1097,,
2988,,
2903,,
1434,,
2219,,
1280,,
1184,,
1347,,
1044,,
3397,,
1099,,
1281,,
1021,,
1322,,
1597,,
1850,,
-151988272,,
151989327,,
1019,,
1923,,
4611,,
4414,,
3446,,
2758,,
20577894,,
1712,,
1025,,
1128,,
4171,,
1088,,
1153,,
1947,,
2896,,
3210,,
1882,,
-2113,,
1037,,
2100,,
1140,,
2420,,
1734,,
1098,,
5048,,
-1678,,
8446,,
6065,,
1993,,
1206,,
1021,,
-2539,,
1910,,
1594,,
2158,,
1044,,
3306,,
2976,,
1411,,
-5223,,
1407,,
-1837,,
2689,,
1517,,
1064,,
1058,,
2274,,
54453378,,
-54448696,,
4020,,
1189,,
1774,,
226748,,
203634,,
169273,,
6231,,
-1455,,
5645,,
1273,,
